[
  {
    "url": "https://stores.ippudo.com/en/japan",
    "title": "Store - Ippudo Outside",
    "content": "Ippudo Outside",
    "section": "Store Information",
    "store_name": "Ippudo Outside",
    "date": "",
    "author": "",
    "tags": [
      "ippudo",
      "一風堂"
    ],
    "categories": []
  },
  {
    "url": "https://stores.ippudo.com/en/1813",
    "title": "Store - IPPUDO Morioka",
    "content": "Iwate IPPUDO Morioka\n住所: 2-3-4, Saien Morioka-shi Iwate 〒020-0024 JP\nTEL:  019-604-3500019-604-3500\n営業時間: Store Hours 11:00 ~ 22:00 11:00 ~ 22:00 11:00 ~ 22:00 11:00 ~ 22:00 11:00 ~ 00:00 11:00 ~ 00:00 11:00 ~ 22:00Day of the WeekHoursMonday11:00 ~ 22:00Tuesday11:00 ~ 22:00Wednesday11:00 ~ 22:00Thursday11:00 ~ 22:00Friday11:00 ~ 00:00Saturday11:00 ~ 00:00Sunday11:00 ~ 22:00※30分前がラストオーダーとなります\nサービス: Store Limited Ramen, Foreign language menu, Children's menu, Chair for children",
    "section": "Store Information",
    "store_name": "IPPUDO Morioka",
    "date": "",
    "author": "",
    "tags": [
      "ippudo",
      "一風堂"
    ],
    "categories": []
  },
  {
    "url": "https://stores.ippudo.com/en/japan/宮城県/仙台市",
    "title": "Store - RAMEN EXPRESS Hakata Ippudo Mitsui Outlet Park Sendai Ko",
    "content": "Miyagi RAMEN EXPRESS Hakata Ippudo Mitsui Outlet Park Sendai Ko\n住所: Mitsui Outlet Park Sendai Ko 2F 3-7-2 Nakano Miyagino Sendai Miyagi Prefecture 〒983-0013 JP\nTEL: 0570-031-2060570-031-2063041\n2010\n営業時間: 10:30 ~ 20:00 10:30 ~ 20:00 10:30 ~ 20:00 10:30 ~ 20:00 10:30 ~ 20:00 10:30 ~ 20:00 10:30 ~ 20:00",
    "section": "Store Information",
    "store_name": "RAMEN EXPRESS Hakata Ippudo Mitsui Outlet Park Sendai Ko",
    "date": "",
    "author": "",
    "tags": [
      "ippudo",
      "一風堂"
    ],
    "categories": []
  },
  {
    "url": "https://stores.ippudo.com/en/japan/宮城県/仙台市",
    "title": "Store - IPPUDO Sendai-Nishiguchi",
    "content": "Miyagi IPPUDO Sendai-Nishiguchi\n住所: 1F Niko Buil (Bldg.) 6-34, Chuo 2-chome Aoba-ku Sendai-shi Miyagi 〒980-0021 JP\nTEL: 0570-031-2060570-031-2061128\n2010\n営業時間: 11:00 ~ 23:00 11:00 ~ 23:00 11:00 ~ 23:00 11:00 ~ 23:00 11:00 ~ 01:00 11:00 ~ 01:00 11:00 ~ 23:00",
    "section": "Store Information",
    "store_name": "IPPUDO Sendai-Nishiguchi",
    "date": "",
    "author": "",
    "tags": [
      "ippudo",
      "一風堂"
    ],
    "categories": []
  },
  {
    "url": "https://stores.ippudo.com/en/japan/宮城県/仙台市",
    "title": "Store - 一風堂 イオンモール仙台上杉店",
    "content": "Miyagi 一風堂 イオンモール仙台上杉店\n住所: 堤通⾬宮町1-1 ⻘葉区 仙台市 宮城県 〒981-0914 JP\nTEL: 022-779-7719022-779-7719\n営業時間: 11:00 ~ 22:00 11:00 ~ 22:00 11:00 ~ 22:00 11:00 ~ 22:00 11:00 ~ 22:00 11:00 ~ 22:00 11:00 ~ 22:00",
    "section": "Store Information",
    "store_name": "一風堂 イオンモール仙台上杉店",
    "date": "",
    "author": "",
    "tags": [
      "ippudo",
      "一風堂"
    ],
    "categories": []
  },
  {
    "url": "https://stores.ippudo.com/en/1148",
    "title": "Store - RAMEN EXPRESS Hakata Ippudo Lalaport Kashiwanoha",
    "content": "Ibaraki RAMEN EXPRESS Hakata Ippudo Lalaport Kashiwanoha\n住所: 〒277-8518 Chiba Prefecture Kashiwa 175 Wakashiba Lalaport Kashiwanoha 3F\nTEL: 04-7168-154104-7168-1541\n営業時間: 10:00 ~ 20:00 10:00 ~ 20:00 10:00 ~ 20:00 10:00 ~ 20:00 10:00 ~ 20:00 10:00 ~ 21:00 10:00 ~ 21:00",
    "section": "Store Information",
    "store_name": "RAMEN EXPRESS Hakata Ippudo Lalaport Kashiwanoha",
    "date": "",
    "author": "",
    "tags": [
      "ippudo",
      "一風堂"
    ],
    "categories": []
  },
  {
    "url": "https://stores.ippudo.com/en/1148",
    "title": "Store - IPPUDO RAMEN EXPRESS Koshigaya Lake Town",
    "content": "Ibaraki IPPUDO RAMEN EXPRESS Koshigaya Lake Town\n住所: 〒343-0828 Saitama Koshigaya-shi 3-1-1, Reikutaun 3F AEON LakeTown mori\nTEL: 048-973-7722048-973-7722\n営業時間: 10:00 ~ 21:00 10:00 ~ 21:00 10:00 ~ 21:00 10:00 ~ 21:00 10:00 ~ 21:00 10:00 ~ 21:00 10:00 ~ 21:00",
    "section": "Store Information",
    "store_name": "IPPUDO RAMEN EXPRESS Koshigaya Lake Town",
    "date": "",
    "author": "",
    "tags": [
      "ippudo",
      "一風堂"
    ],
    "categories": []
  },
  {
    "url": "https://stores.ippudo.com/en/1148",
    "title": "Store - IPPUDO Kameari",
    "content": "Ibaraki IPPUDO Kameari\n住所: 〒125-0061 Tokyo Katsushika-ku 5-34-13, Kameari 1F Invest Kameari\nTEL: 03-5856-113803-5856-1138\n営業時間: 10:00 ~ 21:00 10:00 ~ 21:00 10:00 ~ 21:00 10:00 ~ 21:00 10:00 ~ 21:00 10:00 ~ 21:00 10:00 ~ 21:00",
    "section": "Store Information",
    "store_name": "IPPUDO Kameari",
    "date": "",
    "author": "",
    "tags": [
      "ippudo",
      "一風堂"
    ],
    "categories": []
  },
  {
    "url": "https://stores.ippudo.com/en/1038",
    "title": "Store - IPPUDO Niigata",
    "content": "Niigata IPPUDO Niigata\n住所: 6-1-15, Shichikuyama Chuo-ku Niigata-shi Niigata 〒950-0914 JP\nTEL:  025-240-5646025-240-5646\n営業時間: Store Hours 11:00 ~ 23:00 11:00 ~ 23:00 11:00 ~ 23:00 11:00 ~ 23:00 11:00 ~ 23:00 11:00 ~ 23:00 11:00 ~ 23:00Day of the WeekHoursMonday11:00 ~ 23:00Tuesday11:00 ~ 23:00Wednesday11:00 ~ 23:00Thursday11:00 ~ 23:00Friday11:00 ~ 23:00Saturday11:00 ~ 23:00Sunday11:00 ~ 23:00※20分前がラストオーダーとなります\nサービス: Store Limited Ramen, Credit Card, Transportation IC card, Parking, Foreign language menu, Children's menu, Chair for children",
    "section": "Store Information",
    "store_name": "IPPUDO Niigata",
    "date": "",
    "author": "",
    "tags": [
      "ippudo",
      "一風堂"
    ],
    "categories": []
  },
  {
    "url": "https://stores.ippudo.com/en/1062",
    "title": "Store - IPPUDO KANAZAWA FORUS",
    "content": "Toyama IPPUDO KANAZAWA FORUS\n住所: 〒920-0849 Ishikawa Kanazawa-shi 3-1, Horikawashimmachi 610, 6F\nTEL: 076-255-3988076-255-3988\n営業時間: 11:00 ~ 22:00 11:00 ~ 22:00 11:00 ~ 22:00 11:00 ~ 22:00 11:00 ~ 22:00 11:00 ~ 22:00 11:00 ~ 22:00",
    "section": "Store Information",
    "store_name": "IPPUDO KANAZAWA FORUS",
    "date": "",
    "author": "",
    "tags": [
      "ippudo",
      "一風堂"
    ],
    "categories": []
  },
  {
    "url": "https://stores.ippudo.com/en/1062",
    "title": "Store - IPPUDO Kanazawa Korinbo",
    "content": "Toyama IPPUDO Kanazawa Korinbo\n住所: 〒920-0981 Ishikawa Kanazawa-shi 1-2-3, Katamachi\nTEL: 076-263-3331076-263-3331\n営業時間: 11:00 ~ 23:00 11:00 ~ 23:00 11:00 ~ 23:00 11:00 ~ 23:00 11:00 ~ 00:00 10:00 ~ 00:00 10:00 ~ 23:00",
    "section": "Store Information",
    "store_name": "IPPUDO Kanazawa Korinbo",
    "date": "",
    "author": "",
    "tags": [
      "ippudo",
      "一風堂"
    ],
    "categories": []
  },
  {
    "url": "https://stores.ippudo.com/en/1062",
    "title": "Store - IPPUDO Hakusan",
    "content": "Toyama IPPUDO Hakusan\n住所: 〒924-0804 Ishikawa Hakusan-shi 375, Tokumarumachi\nTEL: 076-225-5561076-225-5561\n営業時間: 11:00 ~ 22:00 11:00 ~ 22:00 11:00 ~ 22:00 11:00 ~ 22:00 11:00 ~ 22:00 11:00 ~ 22:00 11:00 ~ 22:00",
    "section": "Store Information",
    "store_name": "IPPUDO Hakusan",
    "date": "",
    "author": "",
    "tags": [
      "ippudo",
      "一風堂"
    ],
    "categories": []
  },
  {
    "url": "https://stores.ippudo.com/en/japan/京都府/京都市",
    "title": "Store - IPPUDO AEON MALL Kyoto",
    "content": "Kyoto IPPUDO AEON MALL Kyoto\n住所: 1, Nishikujotoriiguchicho Minami-ku Kyoto-shi Kyoto 〒601-8417 JP\nTEL: 0570-031-2060570-031-2061142\n2010\n営業時間: 11:00 ~ 22:00 11:00 ~ 22:00 11:00 ~ 22:00 11:00 ~ 22:00 11:00 ~ 22:00 11:00 ~ 22:00 11:00 ~ 22:00",
    "section": "Store Information",
    "store_name": "IPPUDO AEON MALL Kyoto",
    "date": "",
    "author": "",
    "tags": [
      "ippudo",
      "一風堂"
    ],
    "categories": []
  },
  {
    "url": "https://stores.ippudo.com/en/japan/京都府/京都市",
    "title": "Store - IPPUDO AEON MALL Kyoto Katsuragawa",
    "content": "Kyoto IPPUDO AEON MALL Kyoto Katsuragawa\n住所: 3F AEON MALL Kyoto Katsuragawa 376-1, Kuzetakadacho Minami-ku Kyoto-shi Kyoto 〒601-8211 JP\nTEL: 0570-031-2060570-031-2063027\n2010\n営業時間: 10:00 ~ 21:00 10:00 ~ 21:00 10:00 ~ 21:00 10:00 ~ 21:00 10:00 ~ 21:00 10:00 ~ 21:00 10:00 ~ 21:00",
    "section": "Store Information",
    "store_name": "IPPUDO AEON MALL Kyoto Katsuragawa",
    "date": "",
    "author": "",
    "tags": [
      "ippudo",
      "一風堂"
    ],
    "categories": []
  },
  {
    "url": "https://stores.ippudo.com/en/japan/京都府/京都市",
    "title": "Store - IPPUDO Kyoto Porta",
    "content": "Kyoto IPPUDO Kyoto Porta\n住所: Kyoto Porta East A. 902 Higashishiokojicho Karasuma-dori Shiokoji Sagaru Shimogyo Kyoto-shi Kyoto 〒600-8216 JP\nTEL: 0570-031-2060570-031-2061095\n2010\n営業時間: 11:00 ~ 22:00 11:00 ~ 22:00 11:00 ~ 22:00 11:00 ~ 22:00 11:00 ~ 22:00 11:00 ~ 22:00 11:00 ~ 22:00",
    "section": "Store Information",
    "store_name": "IPPUDO Kyoto Porta",
    "date": "",
    "author": "",
    "tags": [
      "ippudo",
      "一風堂"
    ],
    "categories": []
  },
  {
    "url": "https://stores.ippudo.com/en/japan/京都府/京都市",
    "title": "Store - IPPUDO Shijo-Karasuma",
    "content": "Kyoto IPPUDO Shijo-Karasuma\n住所: B1F, 31, Naginatabokocho Shimogyo-ku Kyoto-shi Kyoto 〒600-8008 JP\nTEL: 0570-031-2060570-031-2061132\n2010\n営業時間: 11:00 ~ 22:00 11:00 ~ 22:00 11:00 ~ 22:00 11:00 ~ 22:00 11:00 ~ 22:00 11:00 ~ 22:00 11:00 ~ 22:00",
    "section": "Store Information",
    "store_name": "IPPUDO Shijo-Karasuma",
    "date": "",
    "author": "",
    "tags": [
      "ippudo",
      "一風堂"
    ],
    "categories": []
  },
  {
    "url": "https://stores.ippudo.com/en/3046",
    "title": "Store - 一風堂 高松松島店",
    "content": "Tokushima 一風堂 高松松島店\n住所: 〒760-0068 Kagawa Takamatsu-shi 松島町2丁目7-1\nTEL: 087-897-5233087-897-5233\n営業時間: 11:00 ~ 21:00 11:00 ~ 21:00 11:00 ~ 21:00 11:00 ~ 21:00 11:00 ~ 21:00 11:00 ~ 21:00 11:00 ~ 21:00",
    "section": "Store Information",
    "store_name": "一風堂 高松松島店",
    "date": "",
    "author": "",
    "tags": [
      "ippudo",
      "一風堂"
    ],
    "categories": []
  },
  {
    "url": "https://stores.ippudo.com/en/3046",
    "title": "Store - IPPUDO YouMe Town Takamatsu",
    "content": "Tokushima IPPUDO YouMe Town Takamatsu\n住所: 〒761-8072 Kagawa Takamatsu-shi 608-1, Sanjocho 2F East Building, YouMe Town Takamatsu\nTEL: 0570-031-2060570-031-2063051\n2010\n営業時間: 10:00 ~ 21:00 10:00 ~ 21:00 10:00 ~ 21:00 10:00 ~ 21:00 10:00 ~ 21:00 10:00 ~ 21:00 10:00 ~ 21:00",
    "section": "Store Information",
    "store_name": "IPPUDO YouMe Town Takamatsu",
    "date": "",
    "author": "",
    "tags": [
      "ippudo",
      "一風堂"
    ],
    "categories": []
  },
  {
    "url": "https://stores.ippudo.com/en/3046",
    "title": "Store - IPPUDO RAMEN EXPRESS Rinku Premium Outlets",
    "content": "Tokushima IPPUDO RAMEN EXPRESS Rinku Premium Outlets\n住所: 〒598-8509 Osaka Izumisano-shi 4-17, Rinkuoraiminami Rinku Premium Outlets\nTEL: 0570-031-2060570-031-2063055\n2010\n営業時間: 10:00 ~ 20:00 10:00 ~ 20:00 10:00 ~ 20:00 10:00 ~ 20:00 10:00 ~ 20:00 10:00 ~ 20:00 10:00 ~ 20:00",
    "section": "Store Information",
    "store_name": "IPPUDO RAMEN EXPRESS Rinku Premium Outlets",
    "date": "",
    "author": "",
    "tags": [
      "ippudo",
      "一風堂"
    ],
    "categories": []
  },
  {
    "url": "https://stores.ippudo.com/en/3057",
    "title": "Store - IPPUDO Matsuyama",
    "content": "Kochi IPPUDO Matsuyama\n住所: 〒790-0002 Ehime Matsuyama-shi 3-8-12, Nibancho\nTEL: 0570-031-2060570-031-2061034\n2010\n営業時間: 11:00 ~ 23:00 11:00 ~ 23:00 11:00 ~ 23:00 11:00 ~ 23:00 11:00 ~ 00:00 11:00 ~ 01:00 11:00 ~ 22:00",
    "section": "Store Information",
    "store_name": "IPPUDO Matsuyama",
    "date": "",
    "author": "",
    "tags": [
      "ippudo",
      "一風堂"
    ],
    "categories": []
  },
  {
    "url": "https://stores.ippudo.com/en/3057",
    "title": "Store - IPPUDO EMIFULL MASAKI",
    "content": "Kochi IPPUDO EMIFULL MASAKI\n住所: 〒791-3120 Ehime Masaki-cho, Iyo-gun 850, Tsutsui 2F EMIFULL MASAKI\nTEL: 0570-031-2060570-031-2063026\n2010\n営業時間: 10:00 ~ 21:00 10:00 ~ 21:00 10:00 ~ 21:00 10:00 ~ 21:00 10:00 ~ 21:00 10:00 ~ 21:00 10:00 ~ 21:00",
    "section": "Store Information",
    "store_name": "IPPUDO EMIFULL MASAKI",
    "date": "",
    "author": "",
    "tags": [
      "ippudo",
      "一風堂"
    ],
    "categories": []
  },
  {
    "url": "https://stores.ippudo.com/en/3022",
    "title": "Store - IPPUDO YouMe Town Kurume",
    "content": "Saga IPPUDO YouMe Town Kurume\n住所: 〒839-0865 Fukuoka Kurume-shi 1-2-1, Shinaikawa\nTEL: 0570-031-2060570-031-2061119\n2010\n営業時間: 11:00 ~ 21:00 11:00 ~ 21:00 11:00 ~ 21:00 11:00 ~ 21:00 11:00 ~ 21:00 11:00 ~ 21:00 11:00 ~ 21:00",
    "section": "Store Information",
    "store_name": "IPPUDO YouMe Town Kurume",
    "date": "",
    "author": "",
    "tags": [
      "ippudo",
      "一風堂"
    ],
    "categories": []
  },
  {
    "url": "https://stores.ippudo.com/en/3022",
    "title": "Store - IPPUDO Dazaifu Inter (Interchange)",
    "content": "Saga IPPUDO Dazaifu Inter (Interchange)\n住所: 〒816-0912 Fukuoka Onojo-shi 3-12-11, Mikasagawa\nTEL: 092-504-1555092-504-1555\n営業時間: 10:00 ~ 23:00 10:00 ~ 23:00 10:00 ~ 23:00 10:00 ~ 23:00 10:00 ~ 23:00 10:00 ~ 23:00 10:00 ~ 23:00",
    "section": "Store Information",
    "store_name": "IPPUDO Dazaifu Inter (Interchange)",
    "date": "",
    "author": "",
    "tags": [
      "ippudo",
      "一風堂"
    ],
    "categories": []
  },
  {
    "url": "https://stores.ippudo.com/en/3022",
    "title": "Store - IPPUDO Sanno",
    "content": "Saga IPPUDO Sanno\n住所: 〒812-0015 Fukuoka Fukuoka-shi Hakata-ku 2-2-7, Sanno\nTEL: 092-436-3310092-436-3310\n営業時間: 11:00 ~ 22:00 11:00 ~ 22:00 11:00 ~ 22:00 11:00 ~ 22:00 11:00 ~ 22:00 11:00 ~ 22:00 11:00 ~ 22:00",
    "section": "Store Information",
    "store_name": "IPPUDO Sanno",
    "date": "",
    "author": "",
    "tags": [
      "ippudo",
      "一風堂"
    ],
    "categories": []
  },
  {
    "url": "https://stores.ippudo.com/en/1131",
    "title": "Store - IPPUDO Tosu Premium Outlets",
    "content": "Kumamoto IPPUDO Tosu Premium Outlets\n住所: 〒841-0005 Saga Tosu-shi 8-1, Yayoigaoka Tosu Premium Outlets Food Court\nTEL: 0570-031-2060570-031-2063022\n2010\n営業時間: 10:00 ~ 20:00 10:00 ~ 20:00 10:00 ~ 20:00 10:00 ~ 20:00 10:00 ~ 20:00 10:00 ~ 20:00 10:00 ~ 20:00",
    "section": "Store Information",
    "store_name": "IPPUDO Tosu Premium Outlets",
    "date": "",
    "author": "",
    "tags": [
      "ippudo",
      "一風堂"
    ],
    "categories": []
  },
  {
    "url": "https://stores.ippudo.com/en/japan/鹿児島県/鹿児島市",
    "title": "Store - 一風堂 アミュプラザ鹿児島店",
    "content": "鹿児島県 一風堂 アミュプラザ鹿児島店\n住所: アミュプラザ鹿児島　本館５F 中央町1番地1 鹿児島市 鹿児島県 〒890-0053 JP\nTEL: 099-299-8139099-299-8139\n営業時間: Closed Today   Closed Today   Closed Today   Closed Today   Closed Today   Closed Today   Closed Today",
    "section": "Store Information",
    "store_name": "一風堂 アミュプラザ鹿児島店",
    "date": "",
    "author": "",
    "tags": [
      "ippudo",
      "一風堂"
    ],
    "categories": []
  },
  {
    "url": "https://stores.ippudo.com/en/japan/鹿児島県/鹿児島市",
    "title": "Store - 一風堂 イオンモール鹿児島店",
    "content": "鹿児島県 一風堂 イオンモール鹿児島店\n住所: 1F　151区画 東開町７ 鹿児島市 鹿児島県 〒891-0115 JP\nTEL: 099-299-0350099-299-0350\n営業時間: Closed Today   Closed Today   Closed Today   Closed Today   Closed Today   Closed Today   Closed Today",
    "section": "Store Information",
    "store_name": "一風堂 イオンモール鹿児島店",
    "date": "",
    "author": "",
    "tags": [
      "ippudo",
      "一風堂"
    ],
    "categories": []
  },
  {
    "url": "https://stores.ippudo.com/en/1102",
    "title": "Store - IPPUDO Okinawa PARCO CITY",
    "content": "Okinawa IPPUDO Okinawa PARCO CITY\n住所: 2F SAN-A Urasoe West Coast PARCO CITY 3-1-1, Irijima Urasoe-shi Okinawa 〒901-2123 JP\nTEL:  0570-031-2060570-031-2061102\n2010\n営業時間: Store Hours 10:00 ~ 22:00 10:00 ~ 22:00 10:00 ~ 22:00 10:00 ~ 22:00 10:00 ~ 22:00 10:00 ~ 22:00 10:00 ~ 22:00Day of the WeekHoursMonday10:00 ~ 22:00Tuesday10:00 ~ 22:00Wednesday10:00 ~ 22:00Thursday10:00 ~ 22:00Friday10:00 ~ 22:00Saturday10:00 ~ 22:00Sunday10:00 ~ 22:00※30分前がラストオーダーとなります\nサービス: Credit Card, Transportation IC card, Parking service, Foreign language menu, Children's menu, Chair for children",
    "section": "Store Information",
    "store_name": "IPPUDO Okinawa PARCO CITY",
    "date": "",
    "author": "",
    "tags": [
      "ippudo",
      "一風堂"
    ],
    "categories": []
  }
]